Hospitalized-low,Hospitalized-high,ICU-low,ICU-high
0.016,0.025,0.0,0.0
0.14300000000000002,0.20800000000000002,0.02,0.042
0.212,0.28300000000000003,0.054000000000000006,0.10400000000000001
0.205,0.301,0.047,0.11199999999999999
0.28600000000000003,0.435,0.081,0.188
0.305,0.5870000000000001,0.105,0.31
0.313,0.703,0.063,0.29
