Deaths-low,Deaths-high
0.0,0.0
0.001,0.002
0.005,0.008
0.013999999999999999,0.026000000000000002
0.027000000000000003,0.049
0.043,0.105
0.10400000000000001,0.273
