Hospitalized-low,Hospitalized-high,ICU-low,ICU-high
0.00000,0.00000,0.00000,0.00000
0.00020,0.00080,0.00007,0.00027
0.00620,0.02100,0.00207,0.00700
0.02100,0.07000,0.00700,0.02333
0.02500,0.08700,0.00833,0.02900
0.04900,0.16700,0.01633,0.05567
0.07000,0.24000,0.02333,0.08000
0.09900,0.33800,0.03300,0.11267
0.11000,0.37600,0.03667,0.12533