Deaths-low,Deaths-high
0.000003,0.000380
0.000030,0.000760
0.000320,0.001320
0.001030,0.002550
0.002200,0.004200
0.010000,0.016000
0.034000,0.046000
0.075000,0.100000
0.112000,0.159000